operation,ops_per_sec
SET,0.0
SET,129394.4
SET,131630.7
SET,131780.6
GET,132740.7
GET,131257.6
GET,133088.8
GET,100597.6
GET,80381.0
GET,66930.4
GET,57336.0
GET,50147.4
GET,44560.6
GET,40077.8
GET,36427.7
GET,33387.0
GET,30814.8
GET,28610.6
GET,26700.7
GET,25029.8
GET,23550.2
GET,22240.7
GET,21069.1
GET,20014.8
GET,19061.0
GET,18194.0
GET,17399.3
GET,16674.0
GET,16006.7
GET,15390.8
GET,14820.5
GET,14291.0
GET,13796.1
GET,13336.1
GET,12905.8
GET,12502.4
GET,12123.4
GET,11766.8
GET,11430.5
GET,11111.7
GET,10811.3
GET,10526.8
GET,10256.8
GET,10000.4
GET,9756.5
GET,9523.2
GET,9301.8
GET,9090.4
GET,8888.4
GET,8695.1
GET,8510.1
GET,8332.1
GET,8162.1
GET,7998.9
GET,7842.1
GET,7691.3
GET,7546.1
GET,7406.4
GET,7271.2
GET,7141.4
GET,7016.1
GET,6895.2
GET,6778.3
GET,6665.4
GET,6555.7
GET,6450.0
GET,6347.6
GET,6248.5
GET,6152.3
GET,6059.1
GET,5968.7
GET,5880.6
GET,5795.4
GET,5712.6
GET,5632.2
GET,5554.0
GET,5477.9
GET,5403.6
GET,5331.6
GET,5261.5
GET,5193.1
GET,5126.6
GET,5061.7
GET,4998.5
GET,4936.5
GET,4876.3
GET,4817.6
GET,4760.3
GET,4704.3
GET,4649.6
GET,4595.9
GET,4543.7
GET,4492.7
GET,4442.8
GET,4394.0
GET,4346.2
GET,4299.5
GET,4253.6
GET,4208.9
GET,4165.0
GET,4122.1
GET,4080.1
GET,4038.9
GET,3998.3
GET,3958.7
GET,3919.9
GET,3881.9
GET,3844.6
GET,3808.0
GET,3772.1
GET,3736.7
GET,3702.1
GET,3668.2
GET,3634.8
GET,3602.1
GET,3569.9
GET,3538.2
GET,3507.2
GET,3476.7
GET,3446.8
GET,3417.3
GET,3388.4
GET,3359.8
GET,3331.8
GET,3304.3
GET,3277.2
GET,3250.6
GET,3224.4
GET,3198.6
GET,3173.1
GET,3148.1
GET,3123.5
GET,3099.3
GET,3075.5
GET,3052.0
GET,3028.8
GET,3006.1
GET,2983.6
GET,2961.6
GET,2939.8
GET,2918.3
GET,2897.2
GET,2876.3
GET,2855.7
GET,2835.5
GET,2815.5
GET,2795.9
GET,2776.5
GET,2757.2
GET,2738.4
GET,2719.7
GET,2701.4
GET,2683.3
GET,2665.4
GET,2647.7
GET,2630.2
GET,2613.1
GET,2596.1
GET,2579.4
GET,2562.8
GET,2546.5
GET,2530.3
GET,2514.4
GET,2498.7
GET,2483.2
GET,2467.9
GET,2452.8
GET,2437.8
GET,2423.0
GET,2408.4
GET,2394.0
GET,2379.7
GET,2365.7
GET,2351.7
GET,2337.9
GET,2324.4
GET,2310.9
GET,2297.7
GET,2284.5
GET,2271.6
GET,2258.7
GET,2246.0
GET,2233.5
GET,2221.1
GET,2208.8
GET,2196.7
GET,2184.7
GET,2172.7
GET,2161.0
GET,2149.4
GET,2137.9
GET,2126.5
GET,2115.3
GET,2104.1
GET,2093.1
GET,2082.2
GET,2071.4
GET,2060.8
GET,2050.2
GET,2039.7
GET,2029.3
GET,2019.1
GET,2009.0
GET,1998.9
GET,1989.0
GET,1979.1
GET,1969.4
GET,1959.7
GET,1950.2
GET,1940.7
GET,1931.3
GET,1922.0
GET,1912.8
GET,1903.7
GET,1894.7
GET,1885.8
GET,1876.9
GET,1868.1
GET,1859.5
GET,1850.8
GET,1842.3
GET,1833.8
GET,1825.5
GET,1817.2
GET,1809.0
GET,1800.8
GET,1792.7
GET,1784.7
GET,1776.8
GET,1768.9
GET,1761.1
GET,1753.4
GET,1745.7
GET,1738.1
GET,1730.6
GET,1723.2
GET,1715.8
GET,1708.5
GET,1701.2
GET,1694.0
GET,1686.8
GET,1679.7
GET,1672.7
GET,1665.7
GET,1658.8
GET,1651.9
GET,1645.2
GET,1638.4
GET,1631.7
GET,1625.1
GET,1618.5
GET,1612.0
GET,1605.5
GET,1599.1
GET,1592.7
GET,1586.4
GET,1580.1
GET,1573.9
GET,1567.7
GET,1561.6
GET,1555.5
GET,1549.5
GET,1543.5
GET,1537.6
GET,1531.7
GET,1525.8
GET,1520.0
GET,1514.3
GET,1508.6
GET,1502.9
GET,1497.3
GET,1491.7
GET,1486.1
GET,1480.6
GET,1475.2
GET,1469.7
GET,1464.4
GET,1459.0
GET,1453.7
GET,1448.4
GET,1443.2
GET,1438.0
GET,1432.9
GET,1427.8
GET,1422.7
GET,1417.6
GET,1412.6
GET,1407.6
GET,1402.7
GET,1397.8
GET,1392.9
GET,1388.1
GET,1383.3
GET,1378.5
GET,1373.8
GET,1369.1
GET,1364.4
GET,1359.7
GET,1355.1
GET,1350.6
GET,1346.0
GET,1341.5
GET,1337.0
GET,1332.5
GET,1328.1
GET,1323.7
GET,1319.4
GET,1315.0
GET,1310.7
GET,1306.4
GET,1302.2
GET,1297.9
GET,1293.7
GET,1289.6
GET,1285.4
GET,1281.3
GET,1277.2
GET,1273.1
GET,1269.1
GET,1265.1
GET,1261.1
GET,1257.1
GET,1253.2
GET,1249.3
GET,1245.4
GET,1241.5
GET,1237.7
GET,1233.8
GET,1230.0
GET,1226.3
GET,1222.5
GET,1218.8
GET,1215.1
GET,1211.4
GET,1207.7
GET,1204.1
GET,1200.5
GET,1196.9
GET,1193.3
GET,1189.8
GET,1186.2
GET,1182.7
GET,1179.2
GET,1175.8
GET,1172.3
GET,1168.9
GET,1165.5
GET,1162.1
GET,1158.7
GET,1155.4
GET,1152.0
GET,1148.7
GET,1145.4
GET,1142.2
GET,1138.9
GET,1135.7
GET,1132.5
GET,1129.3
GET,1126.1
GET,1122.9
GET,1119.8
GET,1116.6
GET,1113.5
GET,1110.4
GET,1107.4
GET,1104.3
GET,1101.3
GET,1098.2
GET,1095.2
GET,1092.2
GET,1089.3
GET,1086.3
GET,1083.4
GET,1080.4
GET,1077.5
GET,1074.6
GET,1071.7
GET,1068.9
GET,1066.0
GET,1063.2
GET,1060.4
GET,1057.6
GET,1054.8
GET,1052.0
GET,1049.2
GET,1046.5
GET,1043.8
GET,1041.0
GET,1038.3
GET,1035.6
GET,1033.0
GET,1030.3
GET,1027.7
GET,1025.0
GET,1022.4
GET,1019.8
GET,1017.2
GET,1014.6
GET,1012.0
GET,1009.5
GET,1006.9
GET,1004.4
GET,1001.9
GET,999.4
GET,996.9
GET,994.4
GET,991.9
GET,989.5
GET,987.0
GET,984.6
GET,982.2
GET,979.8
GET,977.4
GET,975.0
GET,972.6
GET,970.3
GET,967.9
GET,965.6
GET,963.3
GET,960.9
GET,958.6
GET,956.3
GET,954.1
GET,951.8
GET,949.5
GET,947.3
GET,945.0
GET,942.8
GET,940.6
GET,938.4
GET,936.2
GET,934.0
GET,931.8
GET,929.7
GET,927.5
GET,925.4
GET,923.2
GET,921.1
GET,919.0
GET,916.9
GET,914.8
GET,912.7
GET,910.6
GET,908.5
GET,906.5
GET,904.4
GET,902.4
GET,900.3
GET,898.3
GET,896.3
GET,894.3
GET,892.3
GET,890.3
GET,888.3
GET,886.4
GET,884.4
GET,882.5
GET,880.5
GET,878.6
GET,876.6
GET,874.7
GET,872.8
GET,870.9
GET,869.0
GET,867.1
GET,865.3
GET,863.4
GET,861.5
GET,859.7
GET,857.8
GET,856.0
GET,854.2
GET,852.3
GET,850.5
GET,848.7
GET,846.9
GET,845.1
GET,843.4
GET,841.6
GET,839.8
GET,838.1
GET,836.3
GET,834.6
GET,832.8
GET,831.1
GET,829.4
GET,827.6
GET,825.9
GET,824.2
GET,822.5
GET,820.8
GET,819.2
GET,817.5
GET,815.8
GET,814.2
GET,812.5
GET,810.9
GET,809.2
GET,807.6
GET,805.9
GET,804.3
GET,802.7
GET,801.1
GET,799.5
GET,797.9
GET,796.3
GET,794.7
GET,793.2
GET,791.6
GET,790.0
GET,788.5
GET,786.9
GET,785.4
GET,783.8
GET,782.3
GET,780.8
GET,779.2
GET,777.7
GET,776.2
GET,774.7
GET,773.2
GET,771.7
GET,770.2
GET,768.7
GET,767.3
GET,765.8
GET,764.3
GET,762.9
GET,761.4
